"DESCRIPTION","DURATION IN MS","NAME","PARENT SUITE","START TIME","STATUS","STOP TIME","SUB SUITE","SUITE","TEST CLASS","TEST METHOD"
"","494","should accept viewAllCourseType query param","","2026-01-27","failed","2026-01-27","Marketing API - CourseData Endpoints > POST /api/CourseData/getallcourses","Marketing-API/CourseData.spec.js","",""
"","356","should handle deletion when no picture exists","","2026-01-27","passed","2026-01-27","Admin API - UserManagement Tests > DELETE /UserManagement/deleteprofilepicture","Admin-API/UserManagement.spec.js","",""
"","30","Step 2: GET - Verify configuration after CREATE","","2026-01-27","skipped","2026-01-27","Admin API - VisibilityTenantSettings Tests > Configuration - CRUD Flow","Admin-API/VisibilityTenantSettings.spec.js","",""
"","15","Step 3: UPDATE - PUT /Notification/updatenotificationtemplates","","2026-01-27","skipped","2026-01-27","Admin API - Notification Tests > Notification Template - CRUD Flow","Admin-API/Notification.spec.js","",""
"Validate API handles invalid session IDs","364","Sessions API - Invalid Session ID","","2026-01-27","passed","2026-01-27","Webinar Sessions Management API - Comprehensive Testing > ❌ NEGATIVE TEST CASES","Client-API/Sessions.spec.js","",""
"","328","should handle non-existent configuration ID","","2026-01-27","passed","2026-01-27","Admin API - VisibilityTenantSettings Tests > Configuration - Additional Tests","Admin-API/VisibilityTenantSettings.spec.js","",""
"","340","should handle non-existent notification ID","","2026-01-27","passed","2026-01-27","Admin API - Notification Tests > Notification - Additional Tests","Admin-API/Notification.spec.js","",""
"","342","should reject invalid tenant settings data","","2026-01-27","passed","2026-01-27","Admin API - VisibilityTenantSettings Tests > Tenant Settings - Additional Tests","Admin-API/VisibilityTenantSettings.spec.js","",""
"","14","Step 4: GET - Verify template after UPDATE","","2026-01-27","skipped","2026-01-27","Admin API - Notification Tests > Notification Template - CRUD Flow","Admin-API/Notification.spec.js","",""
"","1399","should retrieve Chargebee subscription details","","2026-01-27","passed","2026-01-27","Admin API - FeatureFlag Tests > GET /FeatureFlag/chargebeesubscriptiondetails","Admin-API/FeatureFlag.spec.js","",""
"Validate API rejects unauthorized badge operations","1305","Badges API - Unauthorized Access","","2026-01-27","passed","2026-01-27","Badges Management API - Comprehensive Testing > ❌ NEGATIVE TEST CASES","Client-API/Badges.spec.js","",""
"","514","NEGATIVE: should reject exceeding max length for button text","","2026-01-27","failed","2026-01-27","Marketing API - Page Content Endpoints > Static Content - POST /api/PageSectionStaticContent/pagesectionstaticcontent","Marketing-API/PageContent.spec.js","",""
"","499","should create section with visibility false","","2026-01-27","failed","2026-01-27","Marketing API - Page Section Endpoints > Section Visibility and Publishing","Marketing-API/PageSection.spec.js","",""
"","17","Step 5: DELETE - DELETE /VisibilityTenantSettings/deleteconfiguration","","2026-01-27","skipped","2026-01-27","Admin API - VisibilityTenantSettings Tests > Configuration - CRUD Flow","Admin-API/VisibilityTenantSettings.spec.js","",""
"","8911","POST /api/Tenant/notifiytenant - Should send notification to tenant","","2026-01-27","passed","2026-01-27","Tenant API - Complete Test Suite","Tenant-API/Tenant.spec.js","",""
"","16","Step 4: GET - Verify update - GET /api/CourseSkill/getallcourseskillbycourseid","","2026-01-27","skipped","2026-01-27","Course API - CourseSkill Module CRUD Flow","Course-API/CourseAPI.spec.js","",""
"","333","should reject invalid email in bulk invite","","2026-01-27","passed","2026-01-27","Admin API - UserManagement Tests > POST /UserManagement/bulkinviteuser","Admin-API/UserManagement.spec.js","",""
"","336","should reject invalid pagination parameters","","2026-01-27","passed","2026-01-27","Admin API - UserManagement Tests > POST /UserManagement/getusers","Admin-API/UserManagement.spec.js","",""
"","358","Step 1: CREATE - POST /VisibilityTenantSettings/createtenantsettings","","2026-01-27","passed","2026-01-27","Admin API - VisibilityTenantSettings Tests > Tenant Settings - CRUD Flow","Admin-API/VisibilityTenantSettings.spec.js","",""
"","24","Step 4: GET - Verify update - GET /api/Course/getbyidcourse","","2026-01-27","skipped","2026-01-27","Course API - Course Module CRUD Flow","Course-API/CourseAPI.spec.js","",""
"","24","should require authentication","","2026-01-27","passed","2026-01-27","Admin API - Notification Tests > Negative Tests","Admin-API/Notification.spec.js","",""
"","485","should update existing page section","","2026-01-27","failed","2026-01-27","Marketing API - Page Section Endpoints > PUT /api/PageSection/pagesection","Marketing-API/PageSection.spec.js","",""
"Complete validation of Course API including levels, types, CRUD operations, and retrieval","1931","Course API - Complete Validation: CRUD + Levels + Types + GetAll","","2026-01-27","failed","2026-01-27","Course Management API","Course/CourseCrud.spec.js","",""
"","340","should delete payment gateway config","","2026-01-27","passed","2026-01-27","Admin API - VisibilityTenantSettings Tests > Payment Gateway Config - Operations","Admin-API/VisibilityTenantSettings.spec.js","",""
"","525","NEGATIVE: should reject update with empty section name","","2026-01-27","failed","2026-01-27","Marketing API - Page Section Endpoints > PUT /api/PageSection/pagesection","Marketing-API/PageSection.spec.js","",""
"","1797","POST /api/Tenant/createsubscriptiondata - Should fail without tenant ID","","2026-01-27","passed","2026-01-27","Tenant API - Complete Test Suite","Tenant-API/Tenant.spec.js","",""
"","341","should reject update with invalid settings ID","","2026-01-27","passed","2026-01-27","Admin API - VisibilityTenantSettings Tests > Tenant Settings - Additional Tests","Admin-API/VisibilityTenantSettings.spec.js","",""
"","30","Step 5: DELETE - DELETE /api/Audio/deletebyidaudio/{id}","","2026-01-27","skipped","2026-01-27","Course API - Audio Module CRUD Flow","Course-API/CourseAPI.spec.js","",""
"","463","should validate email with domain","","2026-01-27","failed","2026-01-27","Marketing API - CourseData Endpoints > GET /api/CourseData/validateemail","Marketing-API/CourseData.spec.js","",""
"","1116","should handle invalid endpoint gracefully","","2026-01-27","passed","2026-01-27","Admin API - FeatureFlag Tests > Negative Tests","Admin-API/FeatureFlag.spec.js","",""
"Validate subscription plan creation with Weekly, Monthly, and Yearly validity types","1312","Subscription API - Create Plan with Different Validity Types","","2026-01-27","failed","2026-01-27","Subscription Management API","Client/Subscription.spec.js","",""
"","339","should handle missing configuration ID","","2026-01-27","passed","2026-01-27","Admin API - VisibilityTenantSettings Tests > Negative Tests","Admin-API/VisibilityTenantSettings.spec.js","",""
"Validate API rejects unauthorized session operations","1225","Sessions API - Unauthorized Access","","2026-01-27","passed","2026-01-27","Webinar Sessions Management API - Comprehensive Testing > ❌ NEGATIVE TEST CASES","Client-API/Sessions.spec.js","",""
"Complete validation of Quiz API including Quiz CRUD, Question CRUD, and assignment operations","1463","Quiz API - Complete CRUD Operations: Create Quiz, Create Question, Update, GetAll, Delete","","2026-01-27","failed","2026-01-27","Quiz Management API","Client/QuizCrud.spec.js","",""
"Validate the getallplans endpoint returns all available subscription plans with proper structure","543","Subscription API - Get All Plans Validation","","2026-01-27","failed","2026-01-27","Subscription Management API","Client/Subscription.spec.js","",""
"Validate API handles deletion of non-existent sessions","464","Sessions API - Delete Non-existent Session","","2026-01-27","passed","2026-01-27","Webinar Sessions Management API - Comprehensive Testing > ❌ NEGATIVE TEST CASES","Client-API/Sessions.spec.js","",""
"","333","should create tenant settings with minimal fields","","2026-01-27","passed","2026-01-27","Admin API - VisibilityTenantSettings Tests > Tenant Settings - Additional Tests","Admin-API/VisibilityTenantSettings.spec.js","",""
"","527","Get Content Reviews","","2026-01-27","failed","2026-01-27","Subscription Management API - Comprehensive Testing > âœ… Subscription - Additional Operations","Client-API/Subscription.spec.js","",""
"","498","should get all page sections or return empty list","","2026-01-27","failed","2026-01-27","Marketing API - Page Section Endpoints > GET /api/PageSection/pagesection","Marketing-API/PageSection.spec.js","",""
"","352","should retrieve all notifications","","2026-01-27","passed","2026-01-27","Admin API - Notification Tests > Notification - List Operations","Admin-API/Notification.spec.js","",""
"","13","Step 5: DELETE - DELETE /VisibilityTenantSettings/deletesettings","","2026-01-27","skipped","2026-01-27","Admin API - VisibilityTenantSettings Tests > Tenant Settings - CRUD Flow","Admin-API/VisibilityTenantSettings.spec.js","",""
"","394","Setup: Create parent course and section for lession tests","","2026-01-27","passed","2026-01-27","Course API - CourseLession Module CRUD Flow","Course-API/CourseAPI.spec.js","",""
"","508","should update existing product details","","2026-01-27","failed","2026-01-27","Marketing API - Page Content Endpoints > Product Details - PUT /api/SectionProductDetails/sectionproductdetails","Marketing-API/PageContent.spec.js","",""
"","522","should create new product details with valid data","","2026-01-27","failed","2026-01-27","Marketing API - Page Content Endpoints > Product Details - POST /api/SectionProductDetails/sectionproductdetails","Marketing-API/PageContent.spec.js","",""
"","344","should create payment gateway config","","2026-01-27","passed","2026-01-27","Admin API - VisibilityTenantSettings Tests > Payment Gateway Config - Operations","Admin-API/VisibilityTenantSettings.spec.js","",""
"","23","Step 2: GET - GET /api/CourseSection/getallcoursesectionbycourseid","","2026-01-27","skipped","2026-01-27","Course API - CourseSection Module CRUD Flow","Course-API/CourseAPI.spec.js","",""
"Validate API handles ending non-existent sessions","327","ChatSession API - End Non-existent Session","","2026-01-27","passed","2026-01-27","Chat Session Management API - Comprehensive Testing > ❌ NEGATIVE TEST CASES","Client-API/ChatSession.spec.js","",""
"","522","NEGATIVE: should handle non-existent page ID","","2026-01-27","failed","2026-01-27","Marketing API - Marketing Pages Endpoints > GET /api/Marketingpages/marketingpages/{id}","Marketing-API/MarketingPages.spec.js","",""
"","55","Step 1: CREATE - POST /api/CourseSection/createcoursesection","","2026-01-27","skipped","2026-01-27","Course API - CourseSection Module CRUD Flow","Course-API/CourseAPI.spec.js","",""
"","1612","GET /api/Tenant/getenantbyclientid - Should return tenant by client ID or 404","","2026-01-27","passed","2026-01-27","Tenant API - Complete Test Suite","Tenant-API/Tenant.spec.js","",""
"","330","should reject configuration with missing required fields","","2026-01-27","passed","2026-01-27","Admin API - VisibilityTenantSettings Tests > Negative Tests","Admin-API/VisibilityTenantSettings.spec.js","",""
"","518","should create new product content with valid data","","2026-01-27","failed","2026-01-27","Marketing API - Page Content Endpoints > Product Content - POST /api/SectionProductContent/sectionproductcontent","Marketing-API/PageContent.spec.js","",""
"","337","should update user role","","2026-01-27","passed","2026-01-27","Admin API - UserManagement Tests > PUT /UserManagement/updateuserroleinusers","Admin-API/UserManagement.spec.js","",""
"","1840","GET /api/Tenant/gettenantsbyid - Should return tenant by ID or 404","","2026-01-27","passed","2026-01-27","Tenant API - Complete Test Suite","Tenant-API/Tenant.spec.js","",""
"","368","should update user profile with all fields","","2026-01-27","passed","2026-01-27","Admin API - UserManagement Tests > PUT /UserManagement/updateuserprofile","Admin-API/UserManagement.spec.js","",""
"","500","should update existing static content","","2026-01-27","failed","2026-01-27","Marketing API - Page Content Endpoints > Static Content - PUT /api/PageSectionStaticContent/pagesectionstaticcontent","Marketing-API/PageContent.spec.js","",""
"Complete validation of Badges API with valid operations","554","Badges API - Complete Operations (Positive)","","2026-01-27","failed","2026-01-27","Badges Management API - Comprehensive Testing > ✅ POSITIVE TEST CASES","Client-API/Badges.spec.js","",""
"","335","should update payment gateway config","","2026-01-27","passed","2026-01-27","Admin API - VisibilityTenantSettings Tests > Payment Gateway Config - Operations","Admin-API/VisibilityTenantSettings.spec.js","",""
"","564","NEGATIVE: should reject invalid button URL","","2026-01-27","failed","2026-01-27","Marketing API - Page Content Endpoints > Static Content - POST /api/PageSectionStaticContent/pagesectionstaticcontent","Marketing-API/PageContent.spec.js","",""
"","4622","GET /api/Tenant/getalltenants - Should return all tenants or empty array","","2026-01-27","passed","2026-01-27","Tenant API - Complete Test Suite","Tenant-API/Tenant.spec.js","",""
"Validate API rejects invalid string formats in category names","354","Category API - String Validation Failures","","2026-01-27","passed","2026-01-27","Category Management API - Comprehensive Testing > ❌ NEGATIVE TEST CASES","Client-API/Categories.spec.js","",""
"Validate the getquizlevels endpoint returns all available quiz difficulty levels","602","Quiz API - Get Quiz Levels Validation","","2026-01-27","failed","2026-01-27","Quiz Management API","Client/QuizCrud.spec.js","",""
"","16","Step 6: GET - Verify deletion - GET /api/Course/getbyidcourse (expect 204/404)","","2026-01-27","skipped","2026-01-27","Course API - Course Module CRUD Flow","Course-API/CourseAPI.spec.js","",""
"Validate API rejects unauthorized access","1349","Certificates API - Unauthorized Access","","2026-01-27","passed","2026-01-27","Certificates Management API - Comprehensive Testing > ❌ NEGATIVE TEST CASES","Client-API/Certificates.spec.js","",""
"","337","should handle missing user ID parameter","","2026-01-27","passed","2026-01-27","Admin API - UserManagement Tests > GET /UserManagement/details","Admin-API/UserManagement.spec.js","",""
"","342","should reject update with invalid notification ID","","2026-01-27","passed","2026-01-27","Admin API - Notification Tests > Notification - Additional Tests","Admin-API/Notification.spec.js","",""
"","21","Step 4: GET - Verify notification after UPDATE","","2026-01-27","skipped","2026-01-27","Admin API - Notification Tests > Notification - CRUD Flow","Admin-API/Notification.spec.js","",""
"","343","should invite a single user","","2026-01-27","passed","2026-01-27","Admin API - UserManagement Tests > POST /UserManagement/inviteuser","Admin-API/UserManagement.spec.js","",""
"","528","should get all static content or return empty list","","2026-01-27","failed","2026-01-27","Marketing API - Page Content Endpoints > Static Content - GET /api/PageSectionStaticContent/pagesectionstaticcontent","Marketing-API/PageContent.spec.js","",""
"","24","Step 3: UPDATE - PUT /api/ContentDocument/updatecontentdocument","","2026-01-27","skipped","2026-01-27","Course API - ContentDocument Module CRUD Flow","Course-API/CourseAPI.spec.js","",""
"Validate API rejects invalid watch progress values","359","User Course API - Invalid Progress Values","","2026-01-27","passed","2026-01-27","User Course Management API - Comprehensive Testing > ❌ NEGATIVE TEST CASES","Client-API/UserCourse.spec.js","",""
"","474","GET /api/Course/coursestypes","","2026-01-27","failed","2026-01-27","Course API - Course Module CRUD Flow > Lookup Endpoints","Course-API/CourseAPI.spec.js","",""
"","1018","NEGATIVE: should reject invalid section ID","","2026-01-27","failed","2026-01-27","Marketing API - Page Content Endpoints > Product Content - POST /api/SectionProductContent/sectionproductcontent","Marketing-API/PageContent.spec.js","",""
"","478","NEGATIVE: should reject invalid email format","","2026-01-27","failed","2026-01-27","Marketing API - CourseData Endpoints > POST /api/CourseData/inviteuser","Marketing-API/CourseData.spec.js","",""
"","481","should get feature availability","","2026-01-27","failed","2026-01-27","Marketing API - CourseData Endpoints > GET /api/CourseData/getfeatureavaibility","Marketing-API/CourseData.spec.js","",""
"","499","should get course by ID","","2026-01-27","failed","2026-01-27","Marketing API - CourseData Endpoints > GET /api/CourseData/getbyidcourse","Marketing-API/CourseData.spec.js","",""
"","2063","POST /api/Tenant/createtenant - Should fail with incomplete data","","2026-01-27","passed","2026-01-27","Tenant API - Complete Test Suite","Tenant-API/Tenant.spec.js","",""
"","14","Step 5: DELETE - DELETE /api/Video/deletevideo","","2026-01-27","skipped","2026-01-27","Course API - Video Module CRUD Flow","Course-API/CourseAPI.spec.js","",""
"","18","Step 2: GET - Verify settings after CREATE","","2026-01-27","skipped","2026-01-27","Admin API - VisibilityTenantSettings Tests > Tenant Settings - CRUD Flow","Admin-API/VisibilityTenantSettings.spec.js","",""
"","1244","should handle deletion of non-existent user","","2026-01-27","passed","2026-01-27","Admin API - UserManagement Tests > DELETE /UserManagement/deleteuserprofile/{userId}","Admin-API/UserManagement.spec.js","",""
"","339","should handle empty result set","","2026-01-27","passed","2026-01-27","Admin API - UserManagement Tests > POST /UserManagement/getuserroles","Admin-API/UserManagement.spec.js","",""
"","461","NEGATIVE: should handle non-existent video ID","","2026-01-27","failed","2026-01-27","Marketing API - CourseData Endpoints > GET /api/CourseData/details/{videoId}","Marketing-API/CourseData.spec.js","",""
"","13","Step 6: GET - Verify settings after DELETE","","2026-01-27","skipped","2026-01-27","Admin API - VisibilityTenantSettings Tests > Tenant Settings - CRUD Flow","Admin-API/VisibilityTenantSettings.spec.js","",""
"","1593","POST /api/Tenant/createtenant - Should create new tenant","","2026-01-27","passed","2026-01-27","Tenant API - Complete Test Suite","Tenant-API/Tenant.spec.js","",""
"","524","NEGATIVE: should reject missing page ID","","2026-01-27","failed","2026-01-27","Marketing API - Page Section Endpoints > POST /api/PageSection/pagesection","Marketing-API/PageSection.spec.js","",""
"","517","should get static content by valid ID","","2026-01-27","failed","2026-01-27","Marketing API - Page Content Endpoints > Static Content - GET /api/PageSectionStaticContent/pagesectionstaticcontent/{id}","Marketing-API/PageContent.spec.js","",""
"","337","should reject payment config with missing tenant ID","","2026-01-27","passed","2026-01-27","Admin API - VisibilityTenantSettings Tests > Negative Tests","Admin-API/VisibilityTenantSettings.spec.js","",""
"Validate API handles boundary values correctly","387","Category API - Boundary Value Testing","","2026-01-27","passed","2026-01-27","Category Management API - Comprehensive Testing > ❌ NEGATIVE TEST CASES","Client-API/Categories.spec.js","",""
"","344","should reject pagination with negative page number","","2026-01-27","passed","2026-01-27","Admin API - UserManagement Tests > Negative Tests","Admin-API/UserManagement.spec.js","",""
"","17","Step 4: GET - Verify configuration after UPDATE","","2026-01-27","skipped","2026-01-27","Admin API - VisibilityTenantSettings Tests > Configuration - CRUD Flow","Admin-API/VisibilityTenantSettings.spec.js","",""
"","14","Step 4: GET - Verify settings after UPDATE","","2026-01-27","skipped","2026-01-27","Admin API - VisibilityTenantSettings Tests > Tenant Settings - CRUD Flow","Admin-API/VisibilityTenantSettings.spec.js","",""
"","494","should get payment gateway config with tenant ID","","2026-01-27","failed","2026-01-27","Marketing API - CourseData Endpoints > GET /api/CourseData/getlinkedconfig","Marketing-API/CourseData.spec.js","",""
"","15","Step 5: DELETE - DELETE /api/CourseSection/deletebyidcoursesection/{id}","","2026-01-27","skipped","2026-01-27","Course API - CourseSection Module CRUD Flow","Course-API/CourseAPI.spec.js","",""
"","502","NEGATIVE: should reject missing required page section ID","","2026-01-27","failed","2026-01-27","Marketing API - Page Content Endpoints > Dynamic Content - POST /api/PageSectionDynamicContent/pagesectiondynamiccontent","Marketing-API/PageContent.spec.js","",""
"","2376","POST /api/Tenant/createcustomer - Should create new customer","","2026-01-27","passed","2026-01-27","Tenant API - Complete Test Suite","Tenant-API/Tenant.spec.js","",""
"","15","Step 6: GET - Verify template after DELETE","","2026-01-27","skipped","2026-01-27","Admin API - Notification Tests > Notification Template - CRUD Flow","Admin-API/Notification.spec.js","",""
"","18","Step 3: UPDATE - PUT /api/CourseSkill/updatecourseskill","","2026-01-27","skipped","2026-01-27","Course API - CourseSkill Module CRUD Flow","Course-API/CourseAPI.spec.js","",""
"","529","should invalidate dynamic content cache","","2026-01-27","failed","2026-01-27","Marketing API - Page Content Endpoints > Dynamic Content - POST /api/PageSectionDynamicContent/invalidatecache","Marketing-API/PageContent.spec.js","",""
"","16","Step 1: CREATE - POST /api/CourseSkill/createcourseskill","","2026-01-27","skipped","2026-01-27","Course API - CourseSkill Module CRUD Flow","Course-API/CourseAPI.spec.js","",""
"","351","should delete user profile picture","","2026-01-27","passed","2026-01-27","Admin API - UserManagement Tests > DELETE /UserManagement/deleteprofilepicture","Admin-API/UserManagement.spec.js","",""
"","511","NEGATIVE: should reject invalid rating value","","2026-01-27","failed","2026-01-27","Marketing API - Page Content Endpoints > Dynamic Content - POST /api/PageSectionDynamicContent/pagesectiondynamiccontent","Marketing-API/PageContent.spec.js","",""
"Validate API rejects requests with missing required parameters","333","UserNotification API - Missing Required Parameters","","2026-01-27","passed","2026-01-27","User Notification Management API - Comprehensive Testing > ❌ NEGATIVE TEST CASES","Client-API/UserNotification.spec.js","",""
"","340","should retrieve tenant default templates","","2026-01-27","passed","2026-01-27","Admin API - Notification Tests > Notification Template - Additional Tests","Admin-API/Notification.spec.js","",""
"","1737","POST /api/Tenant/notifiytenant - Should fail without required domain","","2026-01-27","passed","2026-01-27","Tenant API - Complete Test Suite","Tenant-API/Tenant.spec.js","",""
"","556","NEGATIVE: should reject empty page name","","2026-01-27","failed","2026-01-27","Marketing API - Marketing Pages Endpoints > POST /api/Marketingpages/marketingpages","Marketing-API/MarketingPages.spec.js","",""
"Validate API handles invalid certificate sharing","344","Certificates API - Share Certificate with Invalid Data","","2026-01-27","passed","2026-01-27","Certificates Management API - Comprehensive Testing > ❌ NEGATIVE TEST CASES","Client-API/Certificates.spec.js","",""
"","395","Get All Subscription Plans","","2026-01-27","failed","2026-01-27","Subscription Management API - Comprehensive Testing > âœ… Subscription - Additional Operations","Client-API/Subscription.spec.js","",""
"","15","Step 6: GET - Verify deletion - GET /api/CourseLession/getbyidcourselession (expect 204/404)","","2026-01-27","skipped","2026-01-27","Course API - CourseLession Module CRUD Flow","Course-API/CourseAPI.spec.js","",""
"","545","should delete existing dynamic content","","2026-01-27","failed","2026-01-27","Marketing API - Page Content Endpoints > Dynamic Content - DELETE /api/PageSectionDynamicContent/pagesectiondynamiccontent/{id}","Marketing-API/PageContent.spec.js","",""
"","23","Step 4: GET - Verify update - GET /api/CourseSection/getallcoursesectionbycourseid","","2026-01-27","skipped","2026-01-27","Course API - CourseSection Module CRUD Flow","Course-API/CourseAPI.spec.js","",""
"","348","Step 1: CREATE - POST /Notification/createnotificationtemplates","","2026-01-27","passed","2026-01-27","Admin API - Notification Tests > Notification Template - CRUD Flow","Admin-API/Notification.spec.js","",""
"","340","should retrieve users with filters","","2026-01-27","passed","2026-01-27","Admin API - UserManagement Tests > POST /UserManagement/getusers","Admin-API/UserManagement.spec.js","",""
"","22","Step 3: UPDATE - PUT /api/CourseSection/updatecoursesection","","2026-01-27","skipped","2026-01-27","Course API - CourseSection Module CRUD Flow","Course-API/CourseAPI.spec.js","",""
"","52","Step 2: GET - Verify document after CREATE","","2026-01-27","skipped","2026-01-27","Document API > ✅ Document - CRUD Flow","Course/Document.spec.js","",""
"","58","Step 3: UPDATE - PUT /Subscription/updatesubscriptiondata","","2026-01-27","skipped","2026-01-27","Subscription Management API - Comprehensive Testing > âœ… Subscription Plan - CRUD Flow","Client-API/Subscription.spec.js","",""
"","332","should retrieve paginated user roles","","2026-01-27","passed","2026-01-27","Admin API - UserManagement Tests > POST /UserManagement/getuserroles","Admin-API/UserManagement.spec.js","",""
"","372","should validate email format","","2026-01-27","failed","2026-01-27","Admin API - UserManagement Tests > GET /UserManagement/validateemail","Admin-API/UserManagement.spec.js","",""
"","339","should reject invalid configuration data","","2026-01-27","passed","2026-01-27","Admin API - VisibilityTenantSettings Tests > Configuration - Additional Tests","Admin-API/VisibilityTenantSettings.spec.js","",""
"","486","NEGATIVE: should return conflict if page cannot be deleted","","2026-01-27","failed","2026-01-27","Marketing API - Marketing Pages Endpoints > DELETE /api/Marketingpages/marketingpages/{id}","Marketing-API/MarketingPages.spec.js","",""
"","366","should retrieve all configurations","","2026-01-27","passed","2026-01-27","Admin API - VisibilityTenantSettings Tests > Configuration - List Operations","Admin-API/VisibilityTenantSettings.spec.js","",""
"","18","Step 6: GET - Verify configuration after DELETE","","2026-01-27","skipped","2026-01-27","Admin API - VisibilityTenantSettings Tests > Configuration - CRUD Flow","Admin-API/VisibilityTenantSettings.spec.js","",""
"","481","NEGATIVE: should handle non-existent section ID","","2026-01-27","failed","2026-01-27","Marketing API - Page Section Endpoints > GET /api/PageSection/pagesection/{id}","Marketing-API/PageSection.spec.js","",""
"Complete validation of Subscription API including Create Plan, Get All Plans, and Get Plan By ID","576","Subscription API - Complete CRUD Flow: Create Plan, Get All Plans, Get Plan By ID","","2026-01-27","failed","2026-01-27","Subscription Management API","Client/Subscription.spec.js","",""
"","21","Step 6: GET - Verify document after DELETE","","2026-01-27","skipped","2026-01-27","Document API > ✅ Document - CRUD Flow","Course/Document.spec.js","",""
"","27","Step 3: UPDATE - PUT /VisibilityTenantSettings/updateconfiguration","","2026-01-27","skipped","2026-01-27","Admin API - VisibilityTenantSettings Tests > Configuration - CRUD Flow","Admin-API/VisibilityTenantSettings.spec.js","",""
"","461","NEGATIVE: should reject non-numeric video ID","","2026-01-27","failed","2026-01-27","Marketing API - CourseData Endpoints > GET /api/CourseData/details/{videoId}","Marketing-API/CourseData.spec.js","",""
"","458","NEGATIVE: should require contentId and contentTypeId","","2026-01-27","failed","2026-01-27","Marketing API - CourseData Endpoints > GET /api/CourseData/getcontentreviews","Marketing-API/CourseData.spec.js","",""
"","1238","NEGATIVE: should handle non-existent document ID","","2026-01-27","failed","2026-01-27","Marketing API - CourseData Endpoints > GET /api/CourseData/getbyidcontentdocument","Marketing-API/CourseData.spec.js","",""
"Validate API rejects invalid webinar documents","338","Sessions API - Invalid Webinar Document","","2026-01-27","passed","2026-01-27","Webinar Sessions Management API - Comprehensive Testing > ❌ NEGATIVE TEST CASES","Client-API/Sessions.spec.js","",""
"","594","should get product content by valid ID","","2026-01-27","failed","2026-01-27","Marketing API - Page Content Endpoints > Product Content - GET /api/SectionProductContent/sectionproductcontent/{id}","Marketing-API/PageContent.spec.js","",""
"","30","Step 6: GET - Verify preference after DELETE (No GET endpoint available)","","2026-01-27","skipped","2026-01-27","User Notification Management API - Comprehensive Testing > ✅ Notification Preference - CRUD Flow","Client-API/UserNotification.spec.js","",""
"","48","Step 2: GET - GET /api/Course/getbyidcourse","","2026-01-27","skipped","2026-01-27","Course API - Course Module CRUD Flow","Course-API/CourseAPI.spec.js","",""
"","18","Step 2: GET - Verify notification after CREATE","","2026-01-27","skipped","2026-01-27","Admin API - Notification Tests > Notification - CRUD Flow","Admin-API/Notification.spec.js","",""
"","501","should delete existing marketing page","","2026-01-27","failed","2026-01-27","Marketing API - Marketing Pages Endpoints > DELETE /api/Marketingpages/marketingpages/{id}","Marketing-API/MarketingPages.spec.js","",""
"","0","GET /api/Tenant/gettenantsbyid - Should fail without authentication","","2026-01-27","skipped","2026-01-27","Tenant API - Complete Test Suite","Tenant-API/Tenant.spec.js","",""
"","23","Step 5: DELETE - DELETE /api/Course/deletebyidcourse/{id}","","2026-01-27","skipped","2026-01-27","Course API - Course Module CRUD Flow","Course-API/CourseAPI.spec.js","",""
"","355","should reject pagination with excessive page size","","2026-01-27","passed","2026-01-27","Admin API - UserManagement Tests > Negative Tests","Admin-API/UserManagement.spec.js","",""
"","341","should handle deletion of non-existent template","","2026-01-27","passed","2026-01-27","Admin API - Notification Tests > Notification Template - Additional Tests","Admin-API/Notification.spec.js","",""
"Validate API rejects invalid category creation","461","Category API - Create with Invalid Data","","2026-01-27","passed","2026-01-27","Category Management API - Comprehensive Testing > ❌ NEGATIVE TEST CASES","Client-API/Categories.spec.js","",""
"","356","should update user profile with minimal fields","","2026-01-27","passed","2026-01-27","Admin API - UserManagement Tests > PUT /UserManagement/updateuserprofile","Admin-API/UserManagement.spec.js","",""
"","527","NEGATIVE: should reject invalid content ID","","2026-01-27","failed","2026-01-27","Marketing API - Page Content Endpoints > Product Content - POST /api/SectionProductContent/sectionproductcontent","Marketing-API/PageContent.spec.js","",""
"","345","should reject settings with invalid configuration ID","","2026-01-27","passed","2026-01-27","Admin API - VisibilityTenantSettings Tests > Negative Tests","Admin-API/VisibilityTenantSettings.spec.js","",""
"Validate API rejects requests with missing required fields","347","User Course API - Missing Required Fields","","2026-01-27","passed","2026-01-27","User Course Management API - Comprehensive Testing > ❌ NEGATIVE TEST CASES","Client-API/UserCourse.spec.js","",""
"","452","should handle missing tenant ID param","","2026-01-27","failed","2026-01-27","Marketing API - CourseData Endpoints > GET /api/CourseData/getlinkedconfig","Marketing-API/CourseData.spec.js","",""
"","506","should get active marketing pages","","2026-01-27","failed","2026-01-27","Marketing API - Marketing Pages Endpoints > GET /api/Marketingpages/marketingpages/active [DEPRECATED]","Marketing-API/MarketingPages.spec.js","",""
"","1558","should retrieve feature availability","","2026-01-27","failed","2026-01-27","Admin API - FeatureFlag Tests > GET /FeatureFlag/getfeatureavaibility","Admin-API/FeatureFlag.spec.js","",""
"","14","Step 6: GET - Verify deletion - GET /api/ContentDocument/getbyidcontentdocument (expect 204/404)","","2026-01-27","skipped","2026-01-27","Course API - ContentDocument Module CRUD Flow","Course-API/CourseAPI.spec.js","",""
"Validate API handles invalid filter parameters","349","User Course API - Invalid Filter Parameters","","2026-01-27","passed","2026-01-27","User Course Management API - Comprehensive Testing > ❌ NEGATIVE TEST CASES","Client-API/UserCourse.spec.js","",""
"","347","should retrieve all notification templates","","2026-01-27","passed","2026-01-27","Admin API - Notification Tests > Notification Template - Additional Tests","Admin-API/Notification.spec.js","",""
"","1285","should get page section by valid ID","","2026-01-27","failed","2026-01-27","Marketing API - Page Section Endpoints > GET /api/PageSection/pagesection/{id}","Marketing-API/PageSection.spec.js","",""
"","1111","should create configuration with minimal fields","","2026-01-27","passed","2026-01-27","Admin API - VisibilityTenantSettings Tests > Configuration - Additional Tests","Admin-API/VisibilityTenantSettings.spec.js","",""
"","341","should handle missing configuration ID in delete","","2026-01-27","passed","2026-01-27","Admin API - VisibilityTenantSettings Tests > Negative Tests","Admin-API/VisibilityTenantSettings.spec.js","",""
"","26","Step 6: GET - Verify deletion - GET /api/Audio/getbyaudioid (expect 204/404)","","2026-01-27","skipped","2026-01-27","Course API - Audio Module CRUD Flow","Course-API/CourseAPI.spec.js","",""
"","1232","should handle subscription plan by ID with optional contentTypeId","","2026-01-27","failed","2026-01-27","Marketing API - CourseData Endpoints > GET /api/CourseData/subscriptionplans/{planId}","Marketing-API/CourseData.spec.js","",""
"","549","should delete existing product content","","2026-01-27","failed","2026-01-27","Marketing API - Page Content Endpoints > Product Content - DELETE /api/SectionProductContent/sectionproductcontent/{id}","Marketing-API/PageContent.spec.js","",""
"","1304","NEGATIVE: should reject non-numeric plan ID","","2026-01-27","failed","2026-01-27","Marketing API - CourseData Endpoints > GET /api/CourseData/subscriptionplans/{planId}","Marketing-API/CourseData.spec.js","",""
"","14","Step 2: GET - Verify template after CREATE","","2026-01-27","skipped","2026-01-27","Admin API - Notification Tests > Notification Template - CRUD Flow","Admin-API/Notification.spec.js","",""
"Complete user course operations including enrollment and progress tracking","425","User Course API - Complete Operations (Positive)","","2026-01-27","failed","2026-01-27","User Course Management API - Comprehensive Testing > ✅ POSITIVE TEST CASES","Client-API/UserCourse.spec.js","",""
"","485","NEGATIVE: should handle non-existent section ID for deletion","","2026-01-27","failed","2026-01-27","Marketing API - Page Section Endpoints > DELETE /api/PageSection/pagesection/{id}","Marketing-API/PageSection.spec.js","",""
"","1235","NEGATIVE: should reject invalid content ID","","2026-01-27","failed","2026-01-27","Marketing API - CourseData Endpoints > GET /api/CourseData/getcontentreviews","Marketing-API/CourseData.spec.js","",""
"Complete validation of Course Skills API including create, get all, update, and delete operations","596","Course Skills - Complete CRUD Operations","","2026-01-27","failed","2026-01-27","Course Skills API","Course/CourseSkills.spec.js","",""
"Validate API rejects invalid session start requests","470","ChatSession API - Start Session with Invalid Data","","2026-01-27","passed","2026-01-27","Chat Session Management API - Comprehensive Testing > ❌ NEGATIVE TEST CASES","Client-API/ChatSession.spec.js","",""
"","475","should handle empty filters","","2026-01-27","failed","2026-01-27","Marketing API - CourseData Endpoints > POST /api/CourseData/getallcourses","Marketing-API/CourseData.spec.js","",""
"Complete validation of Course Section API including create, get all, update, and delete operations","613","Course Section - Complete CRUD Operations","","2026-01-27","failed","2026-01-27","Course Section API","Course/CourseSection.spec.js","",""
"","454","should get content reviews with valid params","","2026-01-27","failed","2026-01-27","Marketing API - CourseData Endpoints > GET /api/CourseData/getcontentreviews","Marketing-API/CourseData.spec.js","",""
"","498","should get product details by valid ID","","2026-01-27","failed","2026-01-27","Marketing API - Page Content Endpoints > Product Details - GET /api/SectionProductDetails/sectionproductdetails/{id}","Marketing-API/PageContent.spec.js","",""
"","16","Step 5: DELETE - DELETE /api/ContentDocument/deletebyidcontentdocument/{id}","","2026-01-27","skipped","2026-01-27","Course API - ContentDocument Module CRUD Flow","Course-API/CourseAPI.spec.js","",""
"","1611","POST /api/Tenant/createsubscriptiondata - Should create subscription data","","2026-01-27","passed","2026-01-27","Tenant API - Complete Test Suite","Tenant-API/Tenant.spec.js","",""
"","1504","should create new marketing page with valid data","","2026-01-27","failed","2026-01-27","Marketing API - Marketing Pages Endpoints > POST /api/Marketingpages/marketingpages","Marketing-API/MarketingPages.spec.js","",""
"","499","NEGATIVE: should reject missing required fields","","2026-01-27","failed","2026-01-27","Marketing API - Marketing Pages Endpoints > POST /api/Marketingpages/marketingpages","Marketing-API/MarketingPages.spec.js","",""
"","15","Step 3: UPDATE - PUT /api/Video/update","","2026-01-27","skipped","2026-01-27","Course API - Video Module CRUD Flow","Course-API/CourseAPI.spec.js","",""
"","351","should handle deletion of non-existent configuration","","2026-01-27","passed","2026-01-27","Admin API - VisibilityTenantSettings Tests > Configuration - Additional Tests","Admin-API/VisibilityTenantSettings.spec.js","",""
"","9436","POST /api/Tenant/notifiytenant - Should send notification without password","","2026-01-27","passed","2026-01-27","Tenant API - Complete Test Suite","Tenant-API/Tenant.spec.js","",""
"Validate API rejects unauthorized course operations","1267","User Course API - Unauthorized Access","","2026-01-27","passed","2026-01-27","User Course Management API - Comprehensive Testing > ❌ NEGATIVE TEST CASES","Client-API/UserCourse.spec.js","",""
"","323","should retrieve user details by ID","","2026-01-27","passed","2026-01-27","Admin API - UserManagement Tests > GET /UserManagement/details","Admin-API/UserManagement.spec.js","",""
"","1182","should get dynamic content by valid ID","","2026-01-27","failed","2026-01-27","Marketing API - Page Content Endpoints > Dynamic Content - GET /api/PageSectionDynamicContent/pagesectiondynamiccontent/{id}","Marketing-API/PageContent.spec.js","",""
"Validate API rejects requests with invalid or missing authentication","1284","Subscription API - Unauthorized Access (Invalid Token)","","2026-01-27","passed","2026-01-27","Subscription Management API - Comprehensive Testing","Client-API/Subscription.spec.js","",""
"","15","Step 5: DELETE - DELETE /api/CourseSkill/deletebyidcourseskill/{id}","","2026-01-27","skipped","2026-01-27","Course API - CourseSkill Module CRUD Flow","Course-API/CourseAPI.spec.js","",""
"","461","should handle missing parameters","","2026-01-27","passed","2026-01-27","Admin API - UserManagement Tests > GET /UserManagement/validateemail","Admin-API/UserManagement.spec.js","",""
"","18","Step 4: GET - Verify plan after UPDATE","","2026-01-27","skipped","2026-01-27","Subscription Management API - Comprehensive Testing > âœ… Subscription Plan - CRUD Flow","Client-API/Subscription.spec.js","",""
"","337","should validate required fields","","2026-01-27","passed","2026-01-27","Admin API - Notification Tests > Negative Tests","Admin-API/Notification.spec.js","",""
"","30","Step 5: DELETE - PUT /ChatSession/endchatsession (End session)","","2026-01-27","skipped","2026-01-27","Chat Session Management API - Comprehensive Testing > ✅ Chat Session - CRUD Flow","Client-API/ChatSession.spec.js","",""
"","346","should retrieve paginated user list","","2026-01-27","passed","2026-01-27","Admin API - UserManagement Tests > POST /UserManagement/getusers","Admin-API/UserManagement.spec.js","",""
"","487","NEGATIVE: should handle non-existent page ID for deletion","","2026-01-27","failed","2026-01-27","Marketing API - Marketing Pages Endpoints > DELETE /api/Marketingpages/marketingpages/{id}","Marketing-API/MarketingPages.spec.js","",""
"","478","should get all dynamic content or return empty list","","2026-01-27","failed","2026-01-27","Marketing API - Page Content Endpoints > Dynamic Content - GET /api/PageSectionDynamicContent/pagesectiondynamiccontent","Marketing-API/PageContent.spec.js","",""
"Complete validation of Course Lesson API with Document content","615","Course Lesson (Document) - Complete CRUD Operations","","2026-01-27","failed","2026-01-27","Course Lesson API","Course/CourseLesson.spec.js","",""
"","498","NEGATIVE: should reject missing required fields","","2026-01-27","failed","2026-01-27","Marketing API - CourseData Endpoints > POST /api/CourseData/inviteuser","Marketing-API/CourseData.spec.js","",""
"","19","Step 6: GET - Verify plan after DELETE","","2026-01-27","skipped","2026-01-27","Subscription Management API - Comprehensive Testing > âœ… Subscription Plan - CRUD Flow","Client-API/Subscription.spec.js","",""
"","480","should get all marketing pages or return empty list","","2026-01-27","failed","2026-01-27","Marketing API - Marketing Pages Endpoints > GET /api/Marketingpages/marketingpages","Marketing-API/MarketingPages.spec.js","",""
"","522","NEGATIVE: should reject negative price","","2026-01-27","failed","2026-01-27","Marketing API - Page Content Endpoints > Product Details - POST /api/SectionProductDetails/sectionproductdetails","Marketing-API/PageContent.spec.js","",""
"Validate quiz creation with Easy, Medium, and Hard difficulty levels","631","Quiz API - Validation: Create with Multiple Levels","","2026-01-27","failed","2026-01-27","Quiz Management API","Client/QuizCrud.spec.js","",""
"","15","Step 6: GET - Verify deletion - GET /api/Video/details/{videoId} (expect 204/404)","","2026-01-27","skipped","2026-01-27","Course API - Video Module CRUD Flow","Course-API/CourseAPI.spec.js","",""
"","1217","NEGATIVE: should reject invalid pagination params (exceeds max)","","2026-01-27","failed","2026-01-27","Marketing API - CourseData Endpoints > GET /api/CourseData/getcontentreviews","Marketing-API/CourseData.spec.js","",""
"","24","Step 2: GET - Verify audio after CREATE","","2026-01-27","skipped","2026-01-27","Audio API > ✅ Audio - CRUD Flow","Course/Audio.spec.js","",""
"","402","Step 1: CREATE - POST /Subscription/createsubscriptionplan","","2026-01-27","failed","2026-01-27","Subscription Management API - Comprehensive Testing > âœ… Subscription Plan - CRUD Flow","Client-API/Subscription.spec.js","",""
"","401","Step 1: CREATE - POST /UserNotification/createnotificationpreferences","","2026-01-27","failed","2026-01-27","User Notification Management API - Comprehensive Testing > ✅ Notification Preference - CRUD Flow","Client-API/UserNotification.spec.js","",""
"","506","NEGATIVE: should reject non-numeric section ID for deletion","","2026-01-27","failed","2026-01-27","Marketing API - Page Section Endpoints > DELETE /api/PageSection/pagesection/{id}","Marketing-API/PageSection.spec.js","",""
"","19","Step 4: GET - Verify update - GET /api/CourseLession/getbyidcourselession","","2026-01-27","skipped","2026-01-27","Course API - CourseLession Module CRUD Flow","Course-API/CourseAPI.spec.js","",""
"Validation of Sessions API retrieval operations","441","Sessions API - Get Operations (Positive)","","2026-01-27","failed","2026-01-27","Webinar Sessions Management API - Comprehensive Testing > ✅ POSITIVE TEST CASES","Client-API/Sessions.spec.js","",""
"Validate question creation and update with proper choice handling","617","Quiz API - Question CRUD with Choice Validation","","2026-01-27","failed","2026-01-27","Quiz Management API","Client/QuizCrud.spec.js","",""
"","340","should handle missing tenant ID","","2026-01-27","passed","2026-01-27","Admin API - VisibilityTenantSettings Tests > Negative Tests","Admin-API/VisibilityTenantSettings.spec.js","",""
"","416","Multiple Preferences Management","","2026-01-27","failed","2026-01-27","User Notification Management API - Comprehensive Testing > ✅ Notification Preference - Additional Tests","Client-API/UserNotification.spec.js","",""
"Validate API handles Q&A with invalid session IDs","378","ChatSession API - Q&A with Invalid Session ID","","2026-01-27","passed","2026-01-27","Chat Session Management API - Comprehensive Testing > ❌ NEGATIVE TEST CASES","Client-API/ChatSession.spec.js","",""
"","463","NEGATIVE: should handle non-existent course ID","","2026-01-27","failed","2026-01-27","Marketing API - CourseData Endpoints > GET /api/CourseData/getbyidcourse","Marketing-API/CourseData.spec.js","",""
"","332","should update user preferred language","","2026-01-27","passed","2026-01-27","Admin API - UserManagement Tests > PUT /UserManagement/updatedpreferredlanguage","Admin-API/UserManagement.spec.js","",""
"","498","NEGATIVE: should reject invalid page ID","","2026-01-27","failed","2026-01-27","Marketing API - Page Section Endpoints > POST /api/PageSection/pagesection","Marketing-API/PageSection.spec.js","",""
"","540","should create new static content with valid data","","2026-01-27","failed","2026-01-27","Marketing API - Page Content Endpoints > Static Content - POST /api/PageSectionStaticContent/pagesectionstaticcontent","Marketing-API/PageContent.spec.js","",""
"Validate API rejects unauthorized notification operations","1243","UserNotification API - Unauthorized Access","","2026-01-27","passed","2026-01-27","User Notification Management API - Comprehensive Testing > ❌ NEGATIVE TEST CASES","Client-API/UserNotification.spec.js","",""
"","332","should retrieve FusionAuth user roles","","2026-01-27","passed","2026-01-27","Admin API - UserManagement Tests > POST /UserManagement/getfusionauthuserroles","Admin-API/UserManagement.spec.js","",""
"Validate the getallplaylistcategories endpoint returns all available playlist categories with proper structure","1310","Category API - Get All Playlist Categories","","2026-01-27","failed","2026-01-27","Category Management API","Client/Categories.spec.js","",""
"Validate API handles operations on non-existent resources correctly","363","Subscription API - Non-existent Resource Operations","","2026-01-27","passed","2026-01-27","Subscription Management API - Comprehensive Testing","Client-API/Subscription.spec.js","",""
"","335","should handle non-existent user ID","","2026-01-27","passed","2026-01-27","Admin API - UserManagement Tests > GET /UserManagement/details","Admin-API/UserManagement.spec.js","",""
"","14","Step 3: UPDATE - PUT /VisibilityTenantSettings/updatetenantsettings","","2026-01-27","skipped","2026-01-27","Admin API - VisibilityTenantSettings Tests > Tenant Settings - CRUD Flow","Admin-API/VisibilityTenantSettings.spec.js","",""
"","446","Step 1: CREATE - POST /api/ContentDocument/createcontentdocument","","2026-01-27","failed","2026-01-27","Course API - ContentDocument Module CRUD Flow","Course-API/CourseAPI.spec.js","",""
"","470","Step 1: CREATE - POST /api/Audio/createaudio","","2026-01-27","failed","2026-01-27","Course API - Audio Module CRUD Flow","Course-API/CourseAPI.spec.js","",""
"","18","Step 3: UPDATE - PUT /Notification/updatenotification","","2026-01-27","skipped","2026-01-27","Admin API - Notification Tests > Notification - CRUD Flow","Admin-API/Notification.spec.js","",""
"","543","NEGATIVE: should handle non-existent dynamic content ID","","2026-01-27","failed","2026-01-27","Marketing API - Page Content Endpoints > Dynamic Content - GET /api/PageSectionDynamicContent/pagesectiondynamiccontent/{id}","Marketing-API/PageContent.spec.js","",""
"","401","should reject invalid template data","","2026-01-27","passed","2026-01-27","Admin API - Notification Tests > Notification Template - Additional Tests","Admin-API/Notification.spec.js","",""
"","1203","NEGATIVE: should reject update with non-existent ID","","2026-01-27","failed","2026-01-27","Marketing API - Page Content Endpoints > Dynamic Content - PUT /api/PageSectionDynamicContent/pagesectiondynamiccontent","Marketing-API/PageContent.spec.js","",""
"","20","Step 3: UPDATE - No UPDATE endpoint available","","2026-01-27","skipped","2026-01-27","User Notification Management API - Comprehensive Testing > ✅ Notification Preference - CRUD Flow","Client-API/UserNotification.spec.js","",""
"Validate API rejects invalid Q&A payloads","340","ChatSession API - Invalid Q&A Payload","","2026-01-27","passed","2026-01-27","Chat Session Management API - Comprehensive Testing > ❌ NEGATIVE TEST CASES","Client-API/ChatSession.spec.js","",""
"Validate the getallcategories endpoint returns all available categories with proper structure","1367","Category API - Get All Categories","","2026-01-27","failed","2026-01-27","Category Management API","Client/Categories.spec.js","",""
"","22","Step 6: GET - Verify session after DELETE (Session ended)","","2026-01-27","skipped","2026-01-27","Chat Session Management API - Comprehensive Testing > ✅ Chat Session - CRUD Flow","Client-API/ChatSession.spec.js","",""
"","15","Step 6: GET - Verify notification after DELETE","","2026-01-27","skipped","2026-01-27","Admin API - Notification Tests > Notification - CRUD Flow","Admin-API/Notification.spec.js","",""
"","2204","should get all subscription plans or return empty list","","2026-01-27","failed","2026-01-27","Marketing API - CourseData Endpoints > GET /api/CourseData/subscriptionplans","Marketing-API/CourseData.spec.js","",""
"Validate API rejects invalid string formats and special characters","386","Subscription API - Invalid String Formats","","2026-01-27","passed","2026-01-27","Subscription Management API - Comprehensive Testing","Client-API/Subscription.spec.js","",""
"","359","should delete user profile by ID","","2026-01-27","passed","2026-01-27","Admin API - UserManagement Tests > DELETE /UserManagement/deleteuserprofile/{userId}","Admin-API/UserManagement.spec.js","",""
"","506","should get all product details or return empty list","","2026-01-27","failed","2026-01-27","Marketing API - Page Content Endpoints > Product Details - GET /api/SectionProductDetails/sectionproductdetails","Marketing-API/PageContent.spec.js","",""
"","476","should get all courses with basic pagination","","2026-01-27","failed","2026-01-27","Marketing API - CourseData Endpoints > POST /api/CourseData/getallcourses","Marketing-API/CourseData.spec.js","",""
"","1606","GET /api/Tenant/gettenantsbyid - Should return 404 for non-existent tenant","","2026-01-27","passed","2026-01-27","Tenant API - Complete Test Suite","Tenant-API/Tenant.spec.js","",""
"","28","Step 3: UPDATE - PUT /Audio/updateaudio","","2026-01-27","skipped","2026-01-27","Audio API > ✅ Audio - CRUD Flow","Course/Audio.spec.js","",""
"","335","should reject invalid email format","","2026-01-27","passed","2026-01-27","Admin API - UserManagement Tests > GET /UserManagement/validateemail","Admin-API/UserManagement.spec.js","",""
"","532","NEGATIVE: should reject update with invalid order sequence","","2026-01-27","failed","2026-01-27","Marketing API - Page Section Endpoints > PUT /api/PageSection/pagesection","Marketing-API/PageSection.spec.js","",""
"","464","NEGATIVE: should handle invalid plan ID","","2026-01-27","failed","2026-01-27","Marketing API - CourseData Endpoints > GET /api/CourseData/subscriptionplans/{planId}","Marketing-API/CourseData.spec.js","",""
"","578","NEGATIVE: should reject update with non-existent ID","","2026-01-27","failed","2026-01-27","Marketing API - Marketing Pages Endpoints > PUT /api/Marketingpages/marketingpages","Marketing-API/MarketingPages.spec.js","",""
"","1864","POST /api/Tenant/updatelearninginsights - Should fail without learning insight ID","","2026-01-27","failed","2026-01-27","Tenant API - Complete Test Suite","Tenant-API/Tenant.spec.js","",""
"","16","Step 2: GET - GET /api/CourseLession/getbyidcourselession","","2026-01-27","skipped","2026-01-27","Course API - CourseLession Module CRUD Flow","Course-API/CourseAPI.spec.js","",""
"Validate that categories and playlist categories have consistent base data","1601","Category API - Categories and Playlist Categories Consistency","","2026-01-27","failed","2026-01-27","Category Management API","Client/Categories.spec.js","",""
"","520","NEGATIVE: should handle non-existent product detail ID","","2026-01-27","failed","2026-01-27","Marketing API - Page Content Endpoints > Product Details - GET /api/SectionProductDetails/sectionproductdetails/{id}","Marketing-API/PageContent.spec.js","",""
"","490","should delete existing static content","","2026-01-27","failed","2026-01-27","Marketing API - Page Content Endpoints > Static Content - DELETE /api/PageSectionStaticContent/pagesectionstaticcontent/{id}","Marketing-API/PageContent.spec.js","",""
"","361","Step 1: CREATE - POST /Notification/createnotification","","2026-01-27","passed","2026-01-27","Admin API - Notification Tests > Notification - CRUD Flow","Admin-API/Notification.spec.js","",""
"","1587","GET /api/Tenant/getalllearninginsights - Should return all learning insights or empty array","","2026-01-27","passed","2026-01-27","Tenant API - Complete Test Suite","Tenant-API/Tenant.spec.js","",""
"Validate API handles invalid course IDs","444","User Course API - Invalid Course ID","","2026-01-27","passed","2026-01-27","User Course Management API - Comprehensive Testing > ❌ NEGATIVE TEST CASES","Client-API/UserCourse.spec.js","",""
"","1154","NEGATIVE: should handle non-existent product content ID","","2026-01-27","failed","2026-01-27","Marketing API - Page Content Endpoints > Product Content - GET /api/SectionProductContent/sectionproductcontent/{id}","Marketing-API/PageContent.spec.js","",""
"","0","should upload profile picture (multipart/form-data)","","2026-01-27","skipped","2026-01-27","Admin API - UserManagement Tests > POST /UserManagement/uploadprofilepicture","Admin-API/UserManagement.spec.js","",""
"","484","should get courses with filters applied","","2026-01-27","failed","2026-01-27","Marketing API - CourseData Endpoints > POST /api/CourseData/getallcourses","Marketing-API/CourseData.spec.js","",""
"","18","should reject requests without authentication","","2026-01-27","passed","2026-01-27","Admin API - UserManagement Tests > Negative Tests","Admin-API/UserManagement.spec.js","",""
"Validate API handles invalid pagination parameters","396","Badges API - Get User Badges with Invalid Pagination","","2026-01-27","passed","2026-01-27","Badges Management API - Comprehensive Testing > ❌ NEGATIVE TEST CASES","Client-API/Badges.spec.js","",""
"","356","should reject invalid language ID","","2026-01-27","passed","2026-01-27","Admin API - UserManagement Tests > PUT /UserManagement/updatedpreferredlanguage","Admin-API/UserManagement.spec.js","",""
"","18","Step 4: GET - Verify preference after UPDATE (No UPDATE/GET available)","","2026-01-27","skipped","2026-01-27","User Notification Management API - Comprehensive Testing > ✅ Notification Preference - CRUD Flow","Client-API/UserNotification.spec.js","",""
"Validate API handles invalid date ranges","358","Sessions API - Invalid Date Range","","2026-01-27","passed","2026-01-27","Webinar Sessions Management API - Comprehensive Testing > ❌ NEGATIVE TEST CASES","Client-API/Sessions.spec.js","",""
"","505","NEGATIVE: should reject empty section name","","2026-01-27","failed","2026-01-27","Marketing API - Page Section Endpoints > POST /api/PageSection/pagesection","Marketing-API/PageSection.spec.js","",""
"","477","NEGATIVE: should reject non-numeric ID","","2026-01-27","failed","2026-01-27","Marketing API - Page Section Endpoints > GET /api/PageSection/pagesection/{id}","Marketing-API/PageSection.spec.js","",""
"","543","should update existing dynamic content","","2026-01-27","failed","2026-01-27","Marketing API - Page Content Endpoints > Dynamic Content - PUT /api/PageSectionDynamicContent/pagesectiondynamiccontent","Marketing-API/PageContent.spec.js","",""
"","32","Step 3: UPDATE - PUT /ContentDocument/updatecontentdocument","","2026-01-27","skipped","2026-01-27","Document API > ✅ Document - CRUD Flow","Course/Document.spec.js","",""
"","1330","should invalidate feature flag cache","","2026-01-27","passed","2026-01-27","Admin API - FeatureFlag Tests > POST /FeatureFlag/invalidatecache","Admin-API/FeatureFlag.spec.js","",""
"","1271","NEGATIVE: should handle non-existent audio ID","","2026-01-27","failed","2026-01-27","Marketing API - CourseData Endpoints > GET /api/CourseData/getbyaudioid","Marketing-API/CourseData.spec.js","",""
"","14","Step 5: DELETE - DELETE /api/CourseLession/deletebyidcourselession/{id}","","2026-01-27","skipped","2026-01-27","Course API - CourseLession Module CRUD Flow","Course-API/CourseAPI.spec.js","",""
"Validate API handles deletion of non-existent preferences","378","UserNotification API - Delete Non-existent Preference","","2026-01-27","passed","2026-01-27","User Notification Management API - Comprehensive Testing > ❌ NEGATIVE TEST CASES","Client-API/UserNotification.spec.js","",""
"","15","Step 2: GET - GET /api/Video/details/{videoId}","","2026-01-27","skipped","2026-01-27","Course API - Video Module CRUD Flow","Course-API/CourseAPI.spec.js","",""
"","0","POST /api/Tenant/createlearninginsights - Should create multiple learning insights","","2026-01-27","skipped","2026-01-27","Tenant API - Complete Test Suite","Tenant-API/Tenant.spec.js","",""
"","344","should reject invalid email","","2026-01-27","passed","2026-01-27","Admin API - UserManagement Tests > POST /UserManagement/inviteuser","Admin-API/UserManagement.spec.js","",""
"","0","PUT /api/Tenant/updatetenant - Skipped (requires multipart/form-data with files)","","2026-01-27","skipped","2026-01-27","Tenant API - Complete Test Suite","Tenant-API/Tenant.spec.js","",""
"","63","Step 2: GET - GET /api/Audio/getbyaudioid","","2026-01-27","skipped","2026-01-27","Course API - Audio Module CRUD Flow","Course-API/CourseAPI.spec.js","",""
"End-to-end validation of course creation, retrieval, update, and deletion with detailed verification","448","Create a course, get course details, update course, get updated course details, delete course and verify deletion","","2026-01-27","failed","2026-01-27","Course CRUD Operations with Validation","CourseCrudoperation.spec.js","",""
"","505","should get all product content or return empty list","","2026-01-27","failed","2026-01-27","Marketing API - Page Content Endpoints > Product Content - GET /api/SectionProductContent/sectionproductcontent","Marketing-API/PageContent.spec.js","",""
"","15","Step 5: DELETE - DELETE /Notification/deletenotification","","2026-01-27","skipped","2026-01-27","Admin API - Notification Tests > Notification - CRUD Flow","Admin-API/Notification.spec.js","",""
"","28","Step 3: UPDATE - POST /ChatSession/qna (Add Q&A to session)","","2026-01-27","skipped","2026-01-27","Chat Session Management API - Comprehensive Testing > ✅ Chat Session - CRUD Flow","Client-API/ChatSession.spec.js","",""
"Validate API handles invalid notification category IDs","435","UserNotification API - Invalid Category ID","","2026-01-27","passed","2026-01-27","User Notification Management API - Comprehensive Testing > ❌ NEGATIVE TEST CASES","Client-API/UserNotification.spec.js","",""
"Validate API behavior when requesting a non-existent plan ID","455","Subscription API - Negative Test: Get Non-Existent Plan By ID","","2026-01-27","passed","2026-01-27","Subscription Management API","Client/Subscription.spec.js","",""
"","339","should handle deletion of non-existent notification","","2026-01-27","passed","2026-01-27","Admin API - Notification Tests > Notification - Additional Tests","Admin-API/Notification.spec.js","",""
"","342","should reject requests with invalid tenant ID format","","2026-01-27","passed","2026-01-27","Admin API - VisibilityTenantSettings Tests > Negative Tests","Admin-API/VisibilityTenantSettings.spec.js","",""
"Complete validation of Category API with valid data","411","Category API - Complete Operations (Positive)","","2026-01-27","failed","2026-01-27","Category Management API - Comprehensive Testing > ✅ POSITIVE TEST CASES","Client-API/Categories.spec.js","",""
"","20","Step 5: DELETE - DELETE /ContentDocument/deletebyidcontentdocument","","2026-01-27","skipped","2026-01-27","Document API > ✅ Document - CRUD Flow","Course/Document.spec.js","",""
"","47","Step 4: GET - Verify session after UPDATE (Q&A added)","","2026-01-27","skipped","2026-01-27","Chat Session Management API - Comprehensive Testing > ✅ Chat Session - CRUD Flow","Client-API/ChatSession.spec.js","",""
"","807","NEGATIVE: should return conflict for duplicate section","","2026-01-27","failed","2026-01-27","Marketing API - Page Section Endpoints > POST /api/PageSection/pagesection","Marketing-API/PageSection.spec.js","",""
"","472","should get all course content types","","2026-01-27","failed","2026-01-27","Marketing API - CourseData Endpoints > GET /api/CourseData/coursecontenttypes","Marketing-API/CourseData.spec.js","",""
"","350","should reject notification without required fields","","2026-01-27","passed","2026-01-27","Admin API - Notification Tests > Notification - Additional Tests","Admin-API/Notification.spec.js","",""
"","348","should invite multiple users","","2026-01-27","passed","2026-01-27","Admin API - UserManagement Tests > POST /UserManagement/bulkinviteuser","Admin-API/UserManagement.spec.js","",""
"","520","NEGATIVE: should reject update with non-existent ID","","2026-01-27","failed","2026-01-27","Marketing API - Page Section Endpoints > PUT /api/PageSection/pagesection","Marketing-API/PageSection.spec.js","",""
"","520","NEGATIVE: should reject negative rating","","2026-01-27","failed","2026-01-27","Marketing API - Page Content Endpoints > Dynamic Content - POST /api/PageSectionDynamicContent/pagesectiondynamiccontent","Marketing-API/PageContent.spec.js","",""
"","530","should return 304 when no changes made","","2026-01-27","failed","2026-01-27","Marketing API - Page Section Endpoints > PUT /api/PageSection/pagesection","Marketing-API/PageSection.spec.js","",""
"","464","NEGATIVE: should handle missing email param","","2026-01-27","failed","2026-01-27","Marketing API - CourseData Endpoints > GET /api/CourseData/validateemail","Marketing-API/CourseData.spec.js","",""
"","14","Step 6: GET - Verify deletion - GET /api/CourseSkill/getallcourseskillbycourseid","","2026-01-27","skipped","2026-01-27","Course API - CourseSkill Module CRUD Flow","Course-API/CourseAPI.spec.js","",""
"","480","Step 1: CREATE - POST /api/Course/createcourse","","2026-01-27","failed","2026-01-27","Course API - Course Module CRUD Flow","Course-API/CourseAPI.spec.js","",""
"","347","should handle malformed user IDs","","2026-01-27","passed","2026-01-27","Admin API - UserManagement Tests > Negative Tests","Admin-API/UserManagement.spec.js","",""
"","334","Step 1: CREATE - POST /VisibilityTenantSettings/createconfiguration","","2026-01-27","passed","2026-01-27","Admin API - VisibilityTenantSettings Tests > Configuration - CRUD Flow","Admin-API/VisibilityTenantSettings.spec.js","",""
"","346","should reject update with invalid template ID","","2026-01-27","passed","2026-01-27","Admin API - Notification Tests > Notification Template - Additional Tests","Admin-API/Notification.spec.js","",""
"","560","should delete existing product details","","2026-01-27","failed","2026-01-27","Marketing API - Page Content Endpoints > Product Details - DELETE /api/SectionProductDetails/sectionproductdetails/{id}","Marketing-API/PageContent.spec.js","",""
"","501","should update existing marketing page","","2026-01-27","failed","2026-01-27","Marketing API - Marketing Pages Endpoints > PUT /api/Marketingpages/marketingpages","Marketing-API/MarketingPages.spec.js","",""
"","800","NEGATIVE: should return conflict for duplicate page name","","2026-01-27","failed","2026-01-27","Marketing API - Marketing Pages Endpoints > POST /api/Marketingpages/marketingpages","Marketing-API/MarketingPages.spec.js","",""
"","453","should get content document by ID","","2026-01-27","failed","2026-01-27","Marketing API - CourseData Endpoints > GET /api/CourseData/getbyidcontentdocument","Marketing-API/CourseData.spec.js","",""
"","1427","should get subscription plan by valid ID","","2026-01-27","failed","2026-01-27","Marketing API - CourseData Endpoints > GET /api/CourseData/subscriptionplans/{planId}","Marketing-API/CourseData.spec.js","",""
"Complete validation of Video API including create operation","1238","Video - Complete CRUD Operations","","2026-01-27","failed","2026-01-27","Video API","Course/Video.spec.js","",""
"","334","should reject empty user ID","","2026-01-27","passed","2026-01-27","Admin API - UserManagement Tests > PUT /UserManagement/updateuserroleinusers","Admin-API/UserManagement.spec.js","",""
"","333","should invite user with minimal data","","2026-01-27","passed","2026-01-27","Admin API - UserManagement Tests > POST /UserManagement/inviteuser","Admin-API/UserManagement.spec.js","",""
"","1","PUT /api/Tenant/storecertificatetemplate - Skipped (requires multipart/form-data with signature)","","2026-01-27","skipped","2026-01-27","Tenant API - Complete Test Suite","Tenant-API/Tenant.spec.js","",""
"","1338","Step 1: CREATE - POST /ContentDocument/createcontentdocument","","2026-01-27","failed","2026-01-27","Document API > ✅ Document - CRUD Flow","Course/Document.spec.js","",""
"","1645","GET /api/Tenant/gettenantsbydomianname - Should return tenant by domain name or 404","","2026-01-27","passed","2026-01-27","Tenant API - Complete Test Suite","Tenant-API/Tenant.spec.js","",""
"","419","Step 1: CREATE - POST /ChatSession/startchatsession","","2026-01-27","failed","2026-01-27","Chat Session Management API - Comprehensive Testing > ✅ Chat Session - CRUD Flow","Client-API/ChatSession.spec.js","",""
"","0","POST /api/Tenant/updatelearninginsights - Should update learning insights","","2026-01-27","skipped","2026-01-27","Tenant API - Complete Test Suite","Tenant-API/Tenant.spec.js","",""
"","561","should get video details by ID","","2026-01-27","failed","2026-01-27","Marketing API - CourseData Endpoints > GET /api/CourseData/details/{videoId}","Marketing-API/CourseData.spec.js","",""
"","57","Step 2: GET - Verify session after CREATE","","2026-01-27","skipped","2026-01-27","Chat Session Management API - Comprehensive Testing > ✅ Chat Session - CRUD Flow","Client-API/ChatSession.spec.js","",""
"","1225","Wishlist Operations - Toggle Add/Remove","","2026-01-27","failed","2026-01-27","Subscription Management API - Comprehensive Testing > âœ… Subscription - Additional Operations","Client-API/Subscription.spec.js","",""
"","2965","POST /api/Tenant/createcustomer - Should fail with invalid email","","2026-01-27","passed","2026-01-27","Tenant API - Complete Test Suite","Tenant-API/Tenant.spec.js","",""
"","353","should create config with minimal fields","","2026-01-27","passed","2026-01-27","Admin API - VisibilityTenantSettings Tests > Payment Gateway Config - Operations","Admin-API/VisibilityTenantSettings.spec.js","",""
"Validate API handles invalid user IDs","428","UserNotification API - Invalid User ID","","2026-01-27","passed","2026-01-27","User Notification Management API - Comprehensive Testing > ❌ NEGATIVE TEST CASES","Client-API/UserNotification.spec.js","",""
"","502","should update section visibility status","","2026-01-27","failed","2026-01-27","Marketing API - Page Section Endpoints > Section Visibility and Publishing","Marketing-API/PageSection.spec.js","",""
"","365","should retrieve all available languages","","2026-01-27","failed","2026-01-27","Admin API - UserManagement Tests > GET /UserManagement/getalllanguages","Admin-API/UserManagement.spec.js","",""
"Validate API rejects subscription plan creation with missing required fields","475","Subscription API - Invalid Plan Creation (Missing Required Fields)","","2026-01-27","passed","2026-01-27","Subscription Management API - Comprehensive Testing","Client-API/Subscription.spec.js","",""
"","504","NEGATIVE: should handle non-existent static content ID","","2026-01-27","failed","2026-01-27","Marketing API - Page Content Endpoints > Static Content - GET /api/PageSectionStaticContent/pagesectionstaticcontent/{id}","Marketing-API/PageContent.spec.js","",""
"Complete quiz execution flow: Create Question Set -> Get Question Set -> Start Quiz -> Get User Score","623","Quiz API - Quiz Execution Flow: Create Question Set, Start Quiz, Get Score","","2026-01-27","failed","2026-01-27","Quiz Management API","Client/QuizCrud.spec.js","",""
"","342","should retrieve all templates","","2026-01-27","passed","2026-01-27","Admin API - Notification Tests > Notification Template - Additional Tests","Admin-API/Notification.spec.js","",""
"Validate API handles invalid pagination","349","Certificates API - Invalid Pagination Parameters","","2026-01-27","passed","2026-01-27","Certificates Management API - Comprehensive Testing > ❌ NEGATIVE TEST CASES","Client-API/Certificates.spec.js","",""
"","351","should handle deletion of non-existent config","","2026-01-27","passed","2026-01-27","Admin API - VisibilityTenantSettings Tests > Payment Gateway Config - Operations","Admin-API/VisibilityTenantSettings.spec.js","",""
"","514","NEGATIVE: should return conflict if content has dependencies","","2026-01-27","failed","2026-01-27","Marketing API - Page Content Endpoints > Dynamic Content - DELETE /api/PageSectionDynamicContent/pagesectiondynamiccontent/{id}","Marketing-API/PageContent.spec.js","",""
"","499","should create new page section with valid data","","2026-01-27","failed","2026-01-27","Marketing API - Page Section Endpoints > POST /api/PageSection/pagesection","Marketing-API/PageSection.spec.js","",""
"Validate API rejects unauthorized session operations","1243","ChatSession API - Unauthorized Access","","2026-01-27","passed","2026-01-27","Chat Session Management API - Comprehensive Testing > ❌ NEGATIVE TEST CASES","Client-API/ChatSession.spec.js","",""
"","466","NEGATIVE: should reject invalid email format","","2026-01-27","failed","2026-01-27","Marketing API - CourseData Endpoints > GET /api/CourseData/validateemail","Marketing-API/CourseData.spec.js","",""
"","28","Step 3: UPDATE - PUT /api/Course/updatecourse","","2026-01-27","skipped","2026-01-27","Course API - Course Module CRUD Flow","Course-API/CourseAPI.spec.js","",""
"","19","Step 5: DELETE - DELETE /Subscription/removesubscriptionplan","","2026-01-27","skipped","2026-01-27","Subscription Management API - Comprehensive Testing > âœ… Subscription Plan - CRUD Flow","Client-API/Subscription.spec.js","",""
"","17","Step 5: DELETE - DELETE /UserNotification/Deletenotificationpreferences","","2026-01-27","skipped","2026-01-27","User Notification Management API - Comprehensive Testing > ✅ Notification Preference - CRUD Flow","Client-API/UserNotification.spec.js","",""
"","474","should invite user with valid data","","2026-01-27","failed","2026-01-27","Marketing API - CourseData Endpoints > POST /api/CourseData/inviteuser","Marketing-API/CourseData.spec.js","",""
"","456","Check Users Under Course","","2026-01-27","failed","2026-01-27","Chat Session Management API - Comprehensive Testing > ✅ Chat Session - Additional Operations","Client-API/ChatSession.spec.js","",""
"","349","should retrieve configuration by tenant ID","","2026-01-27","passed","2026-01-27","Admin API - VisibilityTenantSettings Tests > Configuration - Additional Tests","Admin-API/VisibilityTenantSettings.spec.js","",""
"","19","Step 6: GET - Verify deletion - GET /api/CourseSection/getallcoursesectionbycourseid","","2026-01-27","skipped","2026-01-27","Course API - CourseSection Module CRUD Flow","Course-API/CourseAPI.spec.js","",""
"","16","Step 2: GET - GET /api/CourseSkill/getallcourseskillbycourseid","","2026-01-27","skipped","2026-01-27","Course API - CourseSkill Module CRUD Flow","Course-API/CourseAPI.spec.js","",""
"Validate API handles deletion of non-existent badges","466","Badges API - Delete Non-existent Badge","","2026-01-27","passed","2026-01-27","Badges Management API - Comprehensive Testing > ❌ NEGATIVE TEST CASES","Client-API/Badges.spec.js","",""
"","51","Step 4: GET - Verify document after UPDATE","","2026-01-27","skipped","2026-01-27","Document API > ✅ Document - CRUD Flow","Course/Document.spec.js","",""
"","327","should handle non-existent tenant payment config","","2026-01-27","passed","2026-01-27","Admin API - VisibilityTenantSettings Tests > Payment Gateway Config - Operations","Admin-API/VisibilityTenantSettings.spec.js","",""
"","359","should retrieve payment gateway config","","2026-01-27","passed","2026-01-27","Admin API - VisibilityTenantSettings Tests > Payment Gateway Config - Operations","Admin-API/VisibilityTenantSettings.spec.js","",""
"","64","Step 2: GET - Verify preference after CREATE (No GET endpoint available)","","2026-01-27","skipped","2026-01-27","User Notification Management API - Comprehensive Testing > ✅ Notification Preference - CRUD Flow","Client-API/UserNotification.spec.js","",""
"","488","should get audio by ID","","2026-01-27","failed","2026-01-27","Marketing API - CourseData Endpoints > GET /api/CourseData/getbyaudioid","Marketing-API/CourseData.spec.js","",""
"Complete validation of Course API including create, get, update, delete, and get all operations","7871","Course - Complete CRUD Operations","","2026-01-27","failed","2026-01-27","Course API","Course/Course.spec.js","",""
"Validate the getplanById endpoint returns correct plan details with courses","532","Subscription API - Get Plan By ID Validation","","2026-01-27","failed","2026-01-27","Subscription Management API","Client/Subscription.spec.js","",""
"","371","should create notification with minimal fields","","2026-01-27","passed","2026-01-27","Admin API - Notification Tests > Notification - Additional Tests","Admin-API/Notification.spec.js","",""
"","17","Step 6: GET - Verify audio after DELETE","","2026-01-27","skipped","2026-01-27","Audio API > ✅ Audio - CRUD Flow","Course/Audio.spec.js","",""
"","20","Step 5: DELETE - DELETE /Notification/deletenotificationtemplate","","2026-01-27","skipped","2026-01-27","Admin API - Notification Tests > Notification Template - CRUD Flow","Admin-API/Notification.spec.js","",""
"","21","Step 4: GET - Verify update - GET /api/ContentDocument/getbyidcontentdocument","","2026-01-27","skipped","2026-01-27","Course API - ContentDocument Module CRUD Flow","Course-API/CourseAPI.spec.js","",""
"","318","Setup: Create parent course for skill tests","","2026-01-27","passed","2026-01-27","Course API - CourseSkill Module CRUD Flow","Course-API/CourseAPI.spec.js","",""
"","23","Step 2: GET - GET /api/ContentDocument/getbyidcontentdocument","","2026-01-27","skipped","2026-01-27","Course API - ContentDocument Module CRUD Flow","Course-API/CourseAPI.spec.js","",""
"","526","should get active dynamic content","","2026-01-27","failed","2026-01-27","Marketing API - Page Content Endpoints > Dynamic Content - GET /api/PageSectionDynamicContent/pagesectiondynamiccontent/active [DEPRECATED]","Marketing-API/PageContent.spec.js","",""
"","16","Step 1: CREATE - POST /api/CourseLession/createcourselession","","2026-01-27","skipped","2026-01-27","Course API - CourseLession Module CRUD Flow","Course-API/CourseAPI.spec.js","",""
"","514","should get marketing page by valid ID","","2026-01-27","failed","2026-01-27","Marketing API - Marketing Pages Endpoints > GET /api/Marketingpages/marketingpages/{id}","Marketing-API/MarketingPages.spec.js","",""
"Validate API rejects unauthorized category operations","1315","Category API - Unauthorized Operations","","2026-01-27","passed","2026-01-27","Category Management API - Comprehensive Testing > ❌ NEGATIVE TEST CASES","Client-API/Categories.spec.js","",""
"","1541","should retrieve all feature flags","","2026-01-27","failed","2026-01-27","Admin API - FeatureFlag Tests > GET /FeatureFlag/getfeatureflags","Admin-API/FeatureFlag.spec.js","",""
"Validate API rejects invalid numeric values (negative, zero, out of range)","478","Subscription API - Invalid Numeric Values","","2026-01-27","passed","2026-01-27","Subscription Management API - Comprehensive Testing","Client-API/Subscription.spec.js","",""
"Validate API handles deletion of non-existent documents","334","Sessions API - Delete Non-existent Document","","2026-01-27","passed","2026-01-27","Webinar Sessions Management API - Comprehensive Testing > ❌ NEGATIVE TEST CASES","Client-API/Sessions.spec.js","",""
"Validate API handles invalid user IDs","341","Certificates API - Invalid User ID","","2026-01-27","passed","2026-01-27","Certificates Management API - Comprehensive Testing > ❌ NEGATIVE TEST CASES","Client-API/Certificates.spec.js","",""
"Validate error handling for invalid question operations","1394","Quiz API - Negative Tests: Invalid Question Operations","","2026-01-27","failed","2026-01-27","Quiz Management API","Client/QuizCrud.spec.js","",""
"Complete validation of Course Lesson API with Audio content","557","Course Lesson (Audio) - Complete CRUD Operations","","2026-01-27","failed","2026-01-27","Course Lesson API","Course/CourseLesson.spec.js","",""
"","340","should create multiple notification templates","","2026-01-27","passed","2026-01-27","Admin API - Notification Tests > Notification Template - Additional Tests","Admin-API/Notification.spec.js","",""
"","499","should create new dynamic content with valid data","","2026-01-27","failed","2026-01-27","Marketing API - Page Content Endpoints > Dynamic Content - POST /api/PageSectionDynamicContent/pagesectiondynamiccontent","Marketing-API/PageContent.spec.js","",""
"","338","should reject update without user ID","","2026-01-27","passed","2026-01-27","Admin API - UserManagement Tests > PUT /UserManagement/updateuserprofile","Admin-API/UserManagement.spec.js","",""
"Complete validation of Course Lesson API with Video content","1345","Course Lesson (Video) - Complete CRUD Operations","","2026-01-27","failed","2026-01-27","Course Lesson API","Course/CourseLesson.spec.js","",""
"","488","should delete existing page section","","2026-01-27","failed","2026-01-27","Marketing API - Page Section Endpoints > DELETE /api/PageSection/pagesection/{id}","Marketing-API/PageSection.spec.js","",""
"","338","should invite single user in bulk format","","2026-01-27","passed","2026-01-27","Admin API - UserManagement Tests > POST /UserManagement/bulkinviteuser","Admin-API/UserManagement.spec.js","",""
"","2038","POST /api/Tenant/createlearninginsights - Should fail with incomplete data","","2026-01-27","passed","2026-01-27","Tenant API - Complete Test Suite","Tenant-API/Tenant.spec.js","",""
"","503","NEGATIVE: should return conflict if section has dependencies","","2026-01-27","failed","2026-01-27","Marketing API - Page Section Endpoints > DELETE /api/PageSection/pagesection/{id}","Marketing-API/PageSection.spec.js","",""
"","383","Step 1: CREATE - POST /api/Video/create","","2026-01-27","failed","2026-01-27","Course API - Video Module CRUD Flow","Course-API/CourseAPI.spec.js","",""
"","1358","Step 1: CREATE - POST /Audio/createaudio","","2026-01-27","failed","2026-01-27","Audio API > ✅ Audio - CRUD Flow","Course/Audio.spec.js","",""
"","17","Step 5: DELETE - DELETE /Audio/deletebyidaudio","","2026-01-27","skipped","2026-01-27","Audio API > ✅ Audio - CRUD Flow","Course/Audio.spec.js","",""
"","1625","GET /api/Tenant/getvisibilityconfigurationtype - Should return visibility configuration or 404","","2026-01-27","passed","2026-01-27","Tenant API - Complete Test Suite","Tenant-API/Tenant.spec.js","",""
"","14","Step 3: UPDATE - PUT /api/CourseLession/updatecourselession","","2026-01-27","skipped","2026-01-27","Course API - CourseLession Module CRUD Flow","Course-API/CourseAPI.spec.js","",""
"Complete validation of Certificates API operations","773","Certificates API - Complete Operations (Positive)","","2026-01-27","failed","2026-01-27","Certificates Management API - Comprehensive Testing > ✅ POSITIVE TEST CASES","Client-API/Certificates.spec.js","",""
"","0","POST /api/Tenant/createlearninginsights - Should create single learning insight","","2026-01-27","skipped","2026-01-27","Tenant API - Complete Test Suite","Tenant-API/Tenant.spec.js","",""
"","50","Step 3: UPDATE - PUT /api/Audio/updateaudio","","2026-01-27","skipped","2026-01-27","Course API - Audio Module CRUD Flow","Course-API/CourseAPI.spec.js","",""
"","29","Step 2: GET - Verify plan after CREATE","","2026-01-27","skipped","2026-01-27","Subscription Management API - Comprehensive Testing > âœ… Subscription Plan - CRUD Flow","Client-API/Subscription.spec.js","",""
"","19","Step 4: GET - Verify update - GET /api/Video/details/{videoId}","","2026-01-27","skipped","2026-01-27","Course API - Video Module CRUD Flow","Course-API/CourseAPI.spec.js","",""
"","506","NEGATIVE: should reject non-numeric ID","","2026-01-27","failed","2026-01-27","Marketing API - Marketing Pages Endpoints > GET /api/Marketingpages/marketingpages/{id}","Marketing-API/MarketingPages.spec.js","",""
"","519","NEGATIVE: should reject update with invalid data","","2026-01-27","failed","2026-01-27","Marketing API - Marketing Pages Endpoints > PUT /api/Marketingpages/marketingpages","Marketing-API/MarketingPages.spec.js","",""
"","1126","Setup: Create parent course for section tests","","2026-01-27","passed","2026-01-27","Course API - CourseSection Module CRUD Flow","Course-API/CourseAPI.spec.js","",""
"","19","Step 4: GET - Verify audio after UPDATE","","2026-01-27","skipped","2026-01-27","Audio API > ✅ Audio - CRUD Flow","Course/Audio.spec.js","",""
"Validate the invalidatecategorycaches endpoint clears category caches successfully","1654","Category API - Invalidate Category Caches","","2026-01-27","failed","2026-01-27","Category Management API","Client/Categories.spec.js","",""
"","476","GET /api/Course/coursecontenttypes","","2026-01-27","failed","2026-01-27","Course API - Course Module CRUD Flow > Lookup Endpoints","Course-API/CourseAPI.spec.js","",""
"","1521","should get all categories or return empty list","","2026-01-27","failed","2026-01-27","Marketing API - CourseData Endpoints > GET /api/CourseData/categories","Marketing-API/CourseData.spec.js","",""
"","488","GET /api/Course/courseslevels","","2026-01-27","failed","2026-01-27","Course API - Course Module CRUD Flow > Lookup Endpoints","Course-API/CourseAPI.spec.js","",""
"","25","Step 4: GET - Verify update - GET /api/Audio/getbyaudioid","","2026-01-27","skipped","2026-01-27","Course API - Audio Module CRUD Flow","Course-API/CourseAPI.spec.js","",""
"","1305","should return 304 when no changes made","","2026-01-27","failed","2026-01-27","Marketing API - Marketing Pages Endpoints > PUT /api/Marketingpages/marketingpages","Marketing-API/MarketingPages.spec.js","",""
"","548","NEGATIVE: should reject invalid rating","","2026-01-27","failed","2026-01-27","Marketing API - Page Content Endpoints > Product Details - POST /api/SectionProductDetails/sectionproductdetails","Marketing-API/PageContent.spec.js","",""
